ID,Urheilu ja liikunta,Baarit ja klubit,Kirjallisuus,Musiikki,Perhe ja suku,Luonto,Mökkeily,Sisustus,Matkailu,Käsityöt,Muoti ja vaatteet,Kuukausitulo,Sukupuoli
1,5,4,6,9,8,7,8,9,2,6,6,3104,M
2,6,8,4,8,4,0,5,6,5,0,6,4153,N
3,5,8,2,3,6,3,3,3,6,3,5,2072,N
4,5,8,4,6,5,1,6,4,7,4,6,2689,N
5,5,8,1,4,9,10,9,6,9,5,10,1495,N
6,4,5,5,7,6,6,6,7,6,4,5,2554,N
7,8,6,5,10,4,3,4,9,10,3,5,3025,M
8,9,10,5,4,5,3,3,4,8,0,10,4282,M
9,10,8,7,10,10,6,10,10,9,5,3,4291,M
10,7,8,3,3,9,8,8,8,4,7,7,3104,M
11,7,9,4,7,2,1,3,5,9,2,9,2482,M
12,3,6,3,5,6,3,4,6,4,5,9,2108,N
13,6,5,3,6,2,5,7,8,7,2,2,4069,M
14,4,5,5,7,9,8,8,7,2,6,3,2365,N
15,6,4,9,6,10,8,7,10,4,9,3,3500,M
16,3,5,5,2,1,6,8,5,2,6,5,1774,N
17,5,4,2,4,8,7,6,6,4,5,8,2071,N
18,8,6,8,10,10,8,9,8,7,7,3,3666,N
19,5,7,4,10,9,6,7,9,8,5,4,3709,N
20,6,10,7,10,3,3,2,4,10,1,0,3148,N
21,8,10,6,9,3,3,3,5,8,3,3,4931,M
22,4,7,0,7,5,1,5,1,10,0,7,1225,N
23,7,9,9,5,0,5,5,6,7,2,6,3809,N
24,8,2,6,5,9,7,9,8,4,7,2,4577,M
25,3,4,3,3,3,2,4,0,6,0,8,2412,M
26,6,4,4,7,6,7,10,7,5,7,7,1105,N
27,5,5,3,4,5,6,5,7,6,4,10,2784,M
28,7,6,3,6,7,6,5,4,4,5,8,1532,M
29,9,10,2,6,2,3,1,5,10,2,5,3127,M
30,4,3,2,2,3,6,6,7,5,3,6,3843,M
31,6,7,2,4,6,2,6,6,3,2,7,2889,M
32,4,0,9,6,6,4,5,6,6,1,9,2380,N
33,4,2,5,6,5,2,7,7,3,5,4,2547,N
34,6,5,5,1,8,3,4,4,5,3,5,4970,M
35,8,6,10,10,9,8,10,9,9,7,6,4779,N
36,8,6,5,10,5,0,1,6,7,4,5,3716,M
37,6,9,3,8,3,4,7,5,5,1,5,3992,M
38,2,5,0,4,3,2,1,1,8,2,9,2783,N
39,4,7,7,4,2,4,2,5,4,2,8,3999,M
40,3,2,9,8,8,8,6,10,4,7,6,1934,N
41,5,4,5,7,1,5,4,3,3,0,4,4654,M
42,7,6,6,7,6,5,7,7,10,4,6,4469,M
43,3,4,5,1,2,2,4,3,6,2,4,1770,N
44,5,6,0,6,4,4,3,1,3,0,8,1196,N
45,4,3,7,5,6,6,9,9,3,4,7,2453,N
46,7,9,7,6,8,7,8,7,10,4,10,3524,N
47,4,2,6,4,3,1,3,6,3,1,6,3573,M
48,3,7,2,3,4,0,3,3,7,3,8,2914,N
49,3,4,2,6,8,6,4,6,7,3,7,1012,N
50,7,9,0,2,3,4,4,2,8,1,7,2452,M
51,10,7,7,8,10,6,8,7,9,9,8,3127,M
52,8,10,6,10,7,5,7,6,9,6,2,5460,M
53,4,9,3,8,5,0,4,3,5,0,4,639,N
54,7,7,7,10,6,6,6,7,10,1,2,2729,N
55,4,2,2,7,7,6,5,3,2,3,5,3566,M
56,2,3,2,4,1,3,4,5,3,0,8,3473,M
57,7,7,2,4,10,7,7,6,6,7,10,3322,M
58,7,6,7,7,9,7,8,8,4,7,7,4495,M
59,8,7,5,6,9,7,7,9,7,6,10,2346,M
60,9,10,5,9,4,4,5,6,5,2,5,5007,M
61,9,10,3,2,6,6,3,5,9,3,6,3263,M
62,7,4,7,5,6,4,5,8,5,4,2,4549,M
63,9,6,10,10,8,6,10,8,6,9,7,2930,N
64,10,8,8,10,9,6,7,8,6,8,3,4605,M
65,8,8,8,9,6,4,8,7,4,4,3,4665,M
66,6,6,6,10,10,5,8,5,6,6,4,3499,N
67,10,8,8,10,10,6,9,10,9,5,4,4628,M
68,6,8,6,4,4,1,5,5,9,0,5,2413,N
69,5,8,1,4,5,6,1,2,6,3,8,2770,M
70,10,7,6,10,10,8,7,8,10,8,7,2029,N
71,7,3,5,8,8,8,10,8,6,8,9,3417,M
72,6,8,4,6,1,5,2,6,2,0,1,4106,M
73,4,4,4,1,4,4,7,7,3,3,6,3330,N
74,5,3,9,4,7,4,8,8,3,4,5,4796,N
75,5,8,2,6,4,2,3,2,10,0,7,928,N
76,5,7,1,5,6,2,6,0,9,2,8,1303,N
77,8,4,3,3,7,7,7,6,2,8,6,1871,M
78,9,9,8,7,9,5,6,9,4,5,2,3182,N
79,3,3,8,4,1,2,2,5,3,0,8,4354,N
80,10,8,9,8,10,6,10,9,10,7,4,2772,N
81,8,4,9,8,10,4,9,9,4,7,4,3254,M
82,6,7,3,2,5,2,2,2,6,3,7,2858,M
83,6,9,5,3,6,3,5,4,5,4,1,4269,M
84,4,4,5,6,8,8,8,7,5,6,8,3061,M
85,6,4,5,2,4,6,9,5,6,5,10,3594,M
86,7,2,9,7,7,6,10,9,3,6,4,4825,M
87,4,1,9,6,9,5,9,10,6,9,4,3766,N
88,0,2,3,0,3,4,1,3,3,3,5,783,N
89,3,7,0,4,4,4,4,2,4,0,6,2444,N
90,3,3,5,6,6,5,6,6,3,5,5,3579,N
91,5,6,4,6,3,1,4,5,6,1,7,3649,M
92,8,8,0,6,7,6,5,4,5,5,10,3052,M
93,3,6,4,3,9,7,9,6,3,9,8,1473,N
94,8,6,7,8,10,7,8,10,9,5,6,1665,N
95,8,5,3,0,6,6,6,5,4,4,9,1990,M
96,9,6,6,9,7,5,6,7,5,3,3,3927,N
97,6,6,3,4,7,4,5,4,7,3,8,1734,N
98,6,4,5,6,3,2,4,5,5,1,1,3205,N
99,9,10,7,9,3,3,5,8,9,3,8,4219,M
100,8,7,0,4,7,5,5,5,7,5,6,2995,M
101,6,3,6,4,7,7,8,6,2,7,10,3640,M
102,7,10,5,2,5,4,4,4,10,0,10,2715,N
103,8,8,5,5,6,4,6,5,5,0,4,5181,M
104,7,6,9,5,9,7,4,9,5,2,1,4569,M
105,4,6,3,0,3,1,4,0,2,5,10,4606,M
106,9,3,8,7,9,8,9,9,5,7,4,2875,M
107,8,7,9,10,10,7,9,8,9,5,4,3928,N
108,4,4,6,7,5,7,4,3,6,5,2,5349,N
109,7,10,3,3,3,4,0,2,10,0,10,1116,M
110,7,8,5,4,10,8,8,9,5,8,7,2582,M
111,4,3,6,9,9,7,9,10,3,7,8,1712,M
112,4,6,6,4,9,6,6,7,2,9,8,722,N
113,3,3,3,6,6,7,7,6,7,7,7,1724,N
114,5,8,2,4,4,2,4,1,10,4,9,3721,N
115,3,1,0,2,2,3,4,1,2,1,8,1231,N
116,5,6,6,8,10,7,8,9,3,6,3,4116,N
117,8,9,7,6,7,6,6,7,9,6,3,3675,M
118,10,8,10,9,9,8,10,10,6,4,5,4184,M
119,6,4,4,4,10,9,8,5,6,6,7,1173,N
120,9,7,9,9,8,9,10,10,6,7,2,3199,M
121,4,5,4,6,5,1,7,4,7,1,4,2489,N
122,7,6,3,6,6,7,4,9,2,6,8,1982,N
123,7,5,1,6,8,4,5,4,6,3,10,2963,M
124,7,10,3,7,7,3,3,2,7,2,4,3765,M
125,8,8,5,8,9,6,9,9,10,7,6,2255,N
126,9,10,5,7,10,8,10,7,6,7,7,2930,M
127,6,6,4,6,5,4,8,6,6,3,9,4161,M
128,5,5,6,9,5,7,7,7,3,5,8,3863,M
129,8,10,2,7,5,5,5,0,8,3,5,2259,M
130,4,4,7,9,3,3,4,4,5,2,3,2482,N
131,8,8,5,5,7,10,5,8,8,7,10,2775,M
132,10,10,10,9,7,9,8,9,5,6,4,3033,M
133,6,7,7,4,9,5,7,8,5,3,1,2834,N
134,10,5,5,9,3,3,4,7,3,0,5,4062,M
135,3,4,1,7,5,4,5,4,6,2,7,2479,N
136,7,9,2,6,1,5,3,4,4,0,5,2955,M
137,4,5,4,6,8,5,7,6,6,6,6,1595,N
138,8,6,7,8,4,1,4,8,6,2,5,4376,M
139,7,8,8,9,5,5,5,6,7,1,4,4260,M
140,6,6,5,10,2,4,4,4,7,1,5,2799,N
141,9,7,4,8,6,10,10,7,4,6,5,4197,M
142,6,3,7,7,9,8,10,10,4,7,5,4066,M
143,6,7,7,4,3,2,6,5,5,1,5,4655,M
144,5,7,5,7,7,6,8,10,5,5,5,1636,N
145,5,5,3,3,8,3,2,4,6,2,8,2871,M
146,4,5,0,2,6,2,1,3,6,2,9,1342,N
147,10,8,6,10,7,5,10,9,10,6,3,4608,M
148,5,2,8,7,7,6,9,10,2,5,4,3586,N
149,5,6,3,7,8,7,6,6,5,6,8,1878,N
150,6,4,6,7,8,8,8,6,5,7,3,4477,M
151,8,9,5,6,8,6,7,8,8,4,6,2541,N
152,10,8,1,9,6,4,5,5,9,5,10,2953,M
153,5,3,5,1,3,3,2,5,3,1,2,2980,M
154,9,9,6,6,6,6,9,8,10,6,8,4600,M
155,7,6,7,8,7,5,6,10,9,3,4,2873,N
156,8,7,8,10,9,6,9,8,2,6,7,5238,M
157,4,4,5,8,5,1,4,5,4,1,1,2254,N
158,3,5,0,1,3,3,1,3,7,1,8,2061,N
159,3,5,5,8,2,3,4,4,4,3,1,4168,N
160,6,8,7,7,3,0,2,3,7,2,4,1754,N
161,6,6,5,5,4,3,3,5,3,2,8,5437,M
162,7,7,6,7,8,9,7,6,8,7,6,2693,M
163,2,3,6,2,3,4,4,4,3,2,4,1735,N
164,10,9,3,6,5,6,2,2,9,0,7,4160,M
165,8,7,4,8,8,5,8,5,5,3,4,2415,M
166,3,7,5,5,4,1,4,6,3,1,6,4628,N
167,8,7,7,7,7,4,5,7,8,6,6,3662,N
168,5,6,3,7,8,6,10,8,6,7,10,869,N
169,2,4,5,8,5,4,6,7,3,3,5,3217,N
170,9,8,5,10,8,4,7,6,6,4,7,3720,N
171,8,8,4,9,2,3,3,3,7,2,3,4455,M
172,9,8,10,10,9,7,9,10,10,6,8,2441,N
173,9,10,8,10,5,6,9,9,9,7,4,3532,N
174,6,8,5,8,3,4,4,4,5,0,9,3452,N
175,2,3,2,5,7,7,5,3,3,5,8,2464,N
176,9,8,4,9,10,6,8,7,10,6,9,886,M
177,8,8,0,4,9,4,6,6,10,4,9,2678,M
178,9,10,7,10,8,7,9,7,10,7,6,2725,N
179,4,5,1,3,4,5,3,0,6,1,9,10,N
180,7,3,8,8,9,5,9,9,5,7,5,4001,M
181,7,7,10,7,10,7,10,8,3,5,7,4215,M
182,8,9,0,7,7,7,6,6,9,2,6,2562,M
183,5,5,5,6,6,4,4,8,5,5,10,3178,N
184,5,10,3,8,4,7,4,3,10,5,7,2426,M
185,7,6,8,9,8,7,7,4,5,4,7,3334,N
186,7,10,7,10,3,4,5,8,9,0,6,3794,M
187,7,5,8,4,7,8,9,9,5,8,7,2897,N
188,3,2,2,2,1,3,4,4,6,3,3,3676,N
189,4,4,3,8,10,8,7,7,3,6,10,2205,M
190,10,7,9,9,8,6,6,10,5,6,3,3003,N
191,4,7,5,5,2,1,2,8,7,3,10,2887,N
192,6,4,3,5,10,8,10,4,5,4,8,1758,M
193,4,5,2,5,6,6,5,3,3,3,7,2332,M
194,10,8,10,9,7,8,8,10,5,5,8,4796,M
195,1,3,6,5,8,7,9,9,4,7,4,1450,N
196,6,6,9,7,9,8,10,9,0,7,2,5382,M
197,6,10,1,9,3,1,4,1,8,1,9,2107,N
198,4,3,5,3,6,2,3,5,3,3,6,3458,M
199,9,7,7,8,4,5,8,7,9,4,5,2395,N
200,8,10,0,8,6,2,5,4,8,2,5,4085,M
201,7,5,6,6,10,6,8,9,6,7,5,4312,M
202,7,3,7,10,8,9,10,10,7,6,3,2726,N
203,8,8,7,5,6,5,7,7,10,2,4,2731,N
204,10,10,6,8,7,9,6,9,8,6,7,2488,M
205,2,2,1,7,5,3,4,3,6,2,7,1421,N
206,4,6,0,5,2,5,3,6,5,2,6,2657,N
207,6,10,2,7,5,6,6,7,10,3,7,1965,N
208,3,4,2,0,5,3,2,3,9,2,8,790,N
209,1,1,1,4,4,4,2,2,6,4,8,784,N
210,3,4,6,6,9,5,10,8,6,6,7,2535,N
211,4,3,5,6,9,5,9,8,2,7,8,1940,N
212,4,4,0,4,4,3,2,3,2,4,10,2414,M
213,6,4,2,3,10,8,8,5,3,6,9,2507,M
214,4,4,4,8,3,3,3,5,6,1,4,3732,N
215,6,7,0,6,7,5,1,4,3,2,7,2171,M
216,5,8,7,8,3,2,5,5,8,3,1,2558,N
217,5,5,2,7,10,6,6,6,9,8,9,2179,N
218,10,10,6,10,9,9,6,10,10,8,2,3590,M
219,5,3,6,4,8,4,7,6,6,4,9,2549,M
220,6,3,8,10,9,8,8,10,5,8,7,4732,N
221,10,9,5,7,6,8,8,5,8,6,8,2294,M
222,3,7,5,5,6,3,2,2,4,1,3,2680,M
223,7,6,6,8,10,9,8,7,5,7,3,2740,N
224,2,0,4,4,6,2,2,4,0,3,8,2879,N
225,5,3,6,5,9,7,7,5,5,8,8,1615,N
226,10,9,8,10,10,6,6,7,7,4,2,2785,M
227,7,4,6,6,9,7,9,9,3,8,2,3916,N
228,9,6,3,4,8,5,7,7,5,8,9,2672,N
229,10,8,6,10,5,6,4,6,9,6,5,4679,M
230,5,8,4,6,4,6,5,4,5,2,7,2194,N
231,10,8,8,10,7,8,9,10,10,7,6,3161,N
232,5,10,1,2,4,3,4,4,7,1,10,2627,M
233,3,5,0,2,2,2,7,4,8,0,2,2824,N
234,8,6,7,10,5,4,9,7,7,0,5,3266,M
235,6,8,7,2,9,6,7,7,4,4,9,3726,M
236,7,10,4,9,8,3,5,3,8,6,6,2143,N
237,4,4,5,2,8,7,5,7,7,1,9,2639,M
238,2,3,2,1,4,5,3,3,4,0,7,1899,N
239,5,3,4,1,5,3,3,4,4,1,5,2928,N
240,6,1,7,7,5,5,7,7,3,3,4,2505,M
241,9,9,4,6,10,6,6,5,7,4,8,4625,M
242,9,6,8,8,8,9,10,8,10,5,6,3199,N
243,4,3,2,1,9,5,7,8,4,5,9,1317,N
244,1,2,0,0,5,4,0,3,3,1,7,2195,N
245,4,6,0,2,7,5,6,4,2,5,6,1592,M
246,6,3,7,9,8,6,8,9,5,10,6,2756,N
247,7,9,6,9,4,6,2,3,9,0,4,5149,M
248,6,5,1,5,2,2,2,3,8,3,5,1698,N
249,7,9,1,8,5,5,3,2,8,2,10,3088,M
250,1,7,1,4,2,3,3,5,6,2,3,2542,M
251,8,3,7,4,5,5,8,9,6,6,8,4349,M
252,6,6,5,1,10,5,9,6,5,9,10,2911,M
253,8,7,7,8,4,4,8,5,8,2,4,3450,M
254,9,9,9,9,7,7,7,5,10,6,5,2354,M
255,7,5,5,7,6,3,6,8,8,4,6,2606,N
256,6,7,5,7,4,5,7,6,6,4,8,1535,N
257,5,2,7,6,5,5,10,10,4,6,6,2529,N
258,7,8,6,8,8,7,4,5,9,4,8,3341,M
259,9,8,2,5,5,6,5,6,9,6,4,4062,M
260,5,7,5,7,6,5,7,3,8,3,7,3328,N
261,4,3,5,6,4,5,9,7,6,5,1,3031,N
262,5,2,7,5,4,3,3,4,6,1,2,3113,N
263,6,6,6,9,6,5,7,5,5,3,9,2585,M
264,5,5,4,6,7,5,5,5,8,5,5,2550,N
265,5,9,7,8,9,8,9,10,3,7,2,3708,M
266,3,2,3,4,7,7,5,7,6,3,9,627,N
267,8,7,6,10,6,4,6,6,7,4,1,4646,N
268,5,7,5,5,5,2,4,5,3,2,7,4264,N
269,7,8,3,8,7,2,7,5,9,6,7,2125,M
270,5,6,0,5,4,2,3,1,9,2,10,2163,M
271,8,8,7,10,8,4,6,2,5,2,7,2751,N
272,0,5,7,2,2,4,4,3,1,1,5,2649,N
273,5,4,1,4,4,2,3,1,2,3,5,2803,M
274,10,8,4,5,7,7,8,10,10,8,5,3252,M
275,3,7,3,5,2,3,3,3,8,1,7,3615,N
276,4,1,7,8,10,4,9,8,2,8,2,3617,N
277,8,10,7,9,3,5,6,2,9,0,1,3994,M
278,6,8,6,5,8,3,5,6,4,5,5,3800,M
279,6,0,2,5,10,6,7,7,3,9,10,2254,N
280,3,2,6,7,9,7,6,8,2,9,7,1869,N
281,3,5,4,4,6,6,7,5,4,4,6,2317,M
282,8,9,3,5,6,4,8,4,9,6,7,2751,M
283,9,10,6,10,2,3,6,8,6,5,7,3466,M
284,6,8,5,7,5,5,6,4,6,6,10,4313,M
285,5,4,3,3,10,8,8,5,4,5,9,2118,N
286,5,8,0,5,2,3,1,4,5,3,10,2517,M
287,7,1,4,4,9,9,6,8,4,7,8,2278,M
288,1,5,3,5,0,1,1,1,3,1,8,2775,N
289,5,7,3,5,6,2,6,7,8,5,7,751,N
290,5,8,3,9,6,7,6,5,5,6,10,1749,M
291,0,3,2,4,2,4,1,3,5,0,8,1471,N
292,6,2,3,6,7,5,9,5,9,7,9,2172,N
293,9,10,7,10,7,5,6,8,4,2,5,3951,M
294,6,7,6,10,10,6,8,6,5,7,4,4154,M
295,9,8,5,8,9,7,9,9,6,9,5,4606,M
296,2,5,3,5,5,5,5,3,7,2,10,2381,N
297,10,10,7,10,8,8,10,10,9,5,3,4405,M
298,6,2,9,7,7,5,5,9,4,8,2,3644,N
299,7,10,3,6,8,4,8,9,6,8,6,3202,M
300,5,6,2,5,10,7,9,6,4,6,7,1283,N
301,7,8,8,10,7,5,6,7,10,3,4,3598,N
302,6,8,5,2,10,7,6,8,7,5,7,1635,N
303,0,1,3,2,4,2,1,3,2,3,6,1520,N
304,8,8,9,10,9,7,7,9,7,9,5,3859,N
305,4,6,6,4,6,4,7,4,5,3,5,1911,N
306,4,5,4,8,7,8,7,8,5,5,6,2306,N
307,6,2,4,6,10,6,10,10,6,5,7,3086,N
308,6,3,3,6,9,6,10,7,8,8,7,2894,N
309,7,4,8,8,10,6,8,10,0,4,3,2626,M
310,6,7,7,8,3,3,8,9,8,2,3,3111,N
311,4,3,7,9,10,3,6,8,7,4,0,3608,N
312,0,2,4,4,7,3,2,2,4,3,7,2703,N
313,4,0,6,9,8,6,8,6,5,4,5,3266,N
314,2,2,4,1,5,2,5,3,3,0,7,2520,N
315,4,4,2,5,9,7,5,4,3,8,7,2116,N
316,2,5,1,5,4,3,2,2,4,2,7,1515,N
317,8,6,9,10,9,7,7,8,9,6,7,2869,N
318,1,1,2,4,2,2,2,4,3,3,6,522,N
319,1,1,1,3,8,5,6,3,4,6,10,2248,N
320,9,8,7,7,8,10,8,10,7,9,4,3022,M
321,10,10,4,9,3,4,5,3,10,3,2,5017,M
322,7,6,8,5,9,6,10,8,3,5,6,4080,N
323,10,6,7,6,8,3,7,6,6,2,1,4112,M
324,7,9,5,8,10,5,6,7,10,7,8,2054,N
325,3,8,4,5,5,2,1,3,5,1,9,1014,N
326,6,4,7,9,6,5,9,7,4,1,6,2801,M
327,6,8,5,7,4,3,5,6,7,3,8,3585,M
328,1,1,0,5,2,3,0,2,4,0,8,3170,M
329,2,6,3,2,9,9,9,8,4,7,6,2025,N
330,9,10,5,6,9,7,10,7,7,6,6,2659,M
331,8,9,3,9,10,9,7,6,9,5,6,932,M
332,5,9,4,5,1,4,1,5,10,3,8,550,N
333,9,9,3,5,9,5,9,6,10,8,9,2664,M
334,6,5,7,6,10,7,8,8,9,8,4,2747,M
335,5,7,4,5,3,2,3,3,8,1,6,3454,M
336,10,8,7,6,10,8,8,10,10,7,7,4259,M
337,10,10,6,9,10,6,9,10,8,5,4,4788,M
338,10,7,7,10,10,8,9,7,10,9,6,2614,N
339,10,8,9,8,10,9,8,8,4,6,3,5219,M
340,10,8,7,7,9,7,9,10,10,6,5,3704,M
341,6,6,5,7,2,5,4,6,6,1,6,3738,M
342,4,6,8,7,3,2,4,5,8,1,6,3658,M
343,6,8,3,2,8,6,6,3,3,3,8,2340,M
344,0,4,3,3,5,2,2,0,5,3,8,1501,N
345,4,6,1,4,4,4,6,4,4,2,9,1249,N
346,0,5,5,4,3,3,2,4,3,2,4,2728,N
347,8,4,7,3,7,6,10,10,1,7,6,4689,M
348,4,6,4,7,5,4,6,6,6,1,5,3468,N
349,8,4,3,7,9,9,8,6,7,5,7,2959,M
350,5,3,3,2,9,8,6,7,6,6,10,1539,N
351,2,3,6,6,3,4,1,3,4,3,4,2523,N
352,5,8,5,6,4,4,3,1,7,2,2,2799,N
353,3,4,4,3,5,4,3,4,3,4,2,4242,M
354,5,7,0,6,7,7,8,8,10,4,5,1286,N
355,6,3,4,6,4,1,7,4,4,0,3,2706,N
356,8,10,4,7,7,7,3,6,10,4,8,2526,N
357,6,8,4,7,8,6,10,5,6,4,6,3813,M
358,0,2,0,2,3,3,3,2,6,1,7,1837,N
359,3,2,5,8,5,4,7,3,3,1,2,4124,N
360,10,10,5,9,8,8,7,9,10,6,5,4330,M
361,4,3,1,4,5,3,4,2,3,0,7,2212,M
362,6,6,6,4,4,3,2,4,7,1,5,2620,M
363,6,5,3,10,8,5,6,8,6,3,8,2976,N
364,8,7,8,10,10,7,6,8,7,6,8,2726,M
365,7,7,4,6,6,5,5,5,7,3,8,1834,N
366,10,6,9,10,5,3,8,7,10,4,0,4491,M
367,6,10,4,10,2,1,5,5,10,1,0,1758,N
368,3,4,5,5,5,2,4,7,2,2,2,3857,M
369,7,2,6,7,7,4,6,7,2,6,5,2662,M
370,10,9,3,8,8,4,5,5,7,8,10,2188,M
371,8,9,7,10,4,5,4,3,4,0,2,4445,M
372,5,5,0,0,0,4,2,2,9,0,7,3625,M
373,10,9,8,10,8,3,6,7,6,5,2,3304,M
374,8,8,6,7,3,2,4,5,8,0,3,3035,N
375,8,9,4,7,5,3,2,5,6,1,7,2718,N
376,6,10,1,7,7,0,6,5,10,2,10,2104,N
377,6,10,3,6,4,2,0,1,5,1,8,1862,N
378,7,6,6,6,5,6,4,8,1,6,7,4319,M
379,0,3,2,0,3,2,3,3,4,0,2,1924,N
380,4,4,8,4,3,4,4,4,4,1,3,3102,N
381,7,9,3,6,7,6,4,5,10,3,5,2001,M
382,6,7,2,8,3,3,3,2,6,2,7,2890,N
383,8,5,6,9,5,6,7,6,10,4,2,2886,N
384,5,8,7,6,3,1,3,3,8,2,4,3742,N
385,7,6,7,8,7,5,6,7,7,3,2,3532,N
386,6,6,4,10,9,3,5,3,9,2,2,1953,N
387,6,8,5,3,8,5,8,5,9,6,9,2206,N
388,2,2,3,5,8,1,4,6,5,3,10,2712,N
389,6,5,4,2,5,4,3,5,5,5,8,2259,N
390,5,2,4,1,7,7,9,5,3,4,5,2853,M
391,4,5,4,6,2,2,4,2,8,0,10,1998,N
392,7,5,5,7,8,6,10,10,10,5,7,2318,N
393,8,8,3,7,6,5,7,6,9,4,6,1042,M
394,6,6,6,8,8,5,6,1,5,2,6,2736,M
395,6,6,4,6,6,4,5,4,2,4,0,3418,M
396,4,3,7,5,3,4,4,5,4,0,0,3605,N
397,3,4,2,5,8,5,8,4,5,5,10,991,M
398,7,6,7,10,7,9,8,10,7,3,3,3217,N
399,3,6,5,4,7,1,4,3,5,0,2,2181,N
400,2,4,1,8,5,3,4,9,2,6,5,2607,N
401,5,4,5,10,9,5,8,8,3,7,5,2416,M
402,8,8,3,6,5,4,9,4,9,4,8,2764,N
403,5,5,6,6,5,3,2,6,1,1,5,3741,N
404,2,6,0,4,8,4,2,1,2,0,10,2309,M
405,5,1,8,10,9,10,8,10,2,7,5,4299,N
406,3,8,0,5,4,1,2,3,7,1,8,1176,N
407,8,7,5,5,8,9,9,9,5,7,7,2294,M
408,8,10,5,9,3,4,6,3,7,1,7,4326,M
409,10,6,8,10,10,8,9,9,6,7,2,3559,M
410,8,6,6,6,5,8,9,9,10,6,10,2439,N
411,4,5,3,4,1,1,5,3,5,0,4,3114,M
412,6,5,6,3,5,3,4,7,4,4,4,3900,M
413,7,7,4,10,7,7,10,7,8,6,6,1743,N
414,8,5,5,9,6,8,7,8,5,6,6,3407,N
415,8,7,4,10,9,8,8,8,9,6,5,2047,N
416,6,3,6,5,6,6,5,6,4,5,2,1881,N
417,4,6,3,2,2,3,2,5,3,1,9,2687,M
418,5,4,2,1,2,1,1,2,7,0,4,2912,M
419,5,2,0,4,6,4,1,3,6,0,8,2367,N
420,7,9,6,6,4,5,5,5,6,3,5,3563,M
421,7,3,9,6,6,7,10,7,4,7,3,3706,M
422,6,8,4,9,2,3,4,4,5,0,6,2932,M
423,7,10,3,6,4,4,4,3,6,1,7,2394,M
424,7,4,5,6,5,4,7,7,6,3,4,3801,M
425,3,2,1,5,6,6,7,4,5,7,10,2556,N
426,4,2,1,5,10,6,6,8,2,8,10,1725,N
427,10,10,3,10,8,6,7,5,6,6,7,2332,M
428,6,7,5,7,8,8,6,6,6,8,10,2384,N
429,7,9,3,10,7,7,6,5,10,3,9,2762,N
430,3,3,3,5,0,3,3,5,7,0,6,1559,N
431,4,4,2,3,1,2,3,3,4,4,6,3781,M
432,7,8,5,10,6,4,7,6,5,4,6,4143,N
433,8,8,8,10,8,7,10,10,7,9,3,3916,N
434,3,5,5,3,10,5,6,6,8,6,8,3876,M
435,5,6,0,3,3,4,6,2,4,2,6,2972,M
436,4,5,7,5,8,10,8,6,4,7,10,2202,M
437,9,8,8,10,9,7,10,10,9,8,1,4092,N
438,8,10,4,5,7,6,7,8,7,5,5,4148,N
439,6,9,7,10,6,3,8,8,6,3,7,3627,N
440,9,6,7,5,7,5,8,5,8,2,1,5387,M
441,8,8,4,9,9,7,5,5,7,5,8,1345,N
442,7,7,2,7,5,5,5,6,7,4,8,2184,N
443,6,6,9,7,8,5,9,7,9,7,2,2973,N
444,5,6,8,8,10,4,10,10,7,6,5,2574,N
445,6,6,3,3,4,3,3,5,4,6,10,3853,M
446,8,8,6,9,4,4,6,7,5,5,7,3447,M
447,5,1,3,5,3,4,2,2,9,1,5,590,N
448,7,10,3,2,5,8,5,3,6,1,10,2378,M
449,10,10,4,10,7,7,8,8,7,9,9,1901,N
450,10,8,3,9,8,8,7,9,10,7,6,3860,M
451,5,5,6,6,3,4,4,6,5,0,5,5300,M
452,9,10,7,5,5,6,4,3,7,6,7,3699,M
453,3,3,7,4,7,7,6,6,4,4,9,1962,N
454,10,10,8,6,10,9,10,9,5,6,5,4054,M
455,6,7,2,1,5,5,5,5,7,5,5,2157,M
456,8,5,9,8,9,10,10,7,6,8,7,3526,N
457,9,10,5,5,9,6,4,6,8,5,10,3592,M
458,10,8,7,9,4,3,7,6,10,2,1,5016,M
459,7,8,2,9,9,3,6,3,6,3,6,2457,M
460,7,7,6,10,6,5,6,7,7,5,2,3855,M
461,1,6,4,5,0,3,3,4,5,2,8,2998,N
462,2,5,3,4,2,3,4,2,5,0,8,2495,M
463,4,6,8,2,6,5,7,4,2,4,4,3187,N
464,5,7,0,5,3,2,5,3,7,2,7,2503,M
465,4,3,1,2,7,7,5,5,8,5,10,1420,N
466,6,8,0,5,5,2,3,1,8,2,6,2643,N
467,3,3,7,7,8,6,10,10,4,9,1,2488,N
468,10,8,10,8,8,6,10,10,6,7,2,4343,M
469,2,5,1,3,3,4,3,3,7,3,10,1681,N
470,6,5,6,8,2,2,4,6,4,2,6,4074,M
471,6,4,7,10,10,7,10,10,8,7,7,3463,N
472,6,6,9,5,5,4,5,6,2,2,6,4819,M
473,5,8,2,8,4,2,4,6,10,1,6,2983,M
474,5,6,2,7,6,5,4,5,6,4,10,1797,N
475,6,6,4,6,7,9,9,5,1,9,4,2183,M
476,5,4,4,0,5,4,1,5,5,3,9,4301,M
477,4,5,6,7,0,4,3,5,7,2,5,2882,N
478,7,6,3,6,7,8,10,10,5,6,5,3069,M
479,7,10,3,4,6,2,2,5,10,1,7,3962,M
480,10,9,5,9,4,3,5,6,9,2,4,4569,M
481,4,3,3,3,1,3,4,3,4,2,5,2816,M
482,5,8,4,3,4,6,4,5,4,2,6,3760,N
483,5,3,5,5,7,6,9,10,4,10,9,2836,N
484,9,7,8,10,10,6,10,9,10,9,4,3060,N
485,10,9,5,5,10,6,8,9,9,8,6,2798,M
486,5,7,0,6,6,1,2,1,6,1,4,1618,M
487,7,3,7,7,6,3,6,9,5,5,4,4263,M
488,6,4,6,5,2,1,2,7,7,3,4,2850,N
489,7,10,5,9,3,3,5,6,10,2,4,4078,N
490,8,6,8,9,10,8,10,10,4,5,4,4477,M
491,9,10,7,10,6,3,6,9,9,5,5,4565,M
492,5,1,8,10,6,5,6,7,2,3,3,3331,M
493,7,4,8,5,10,2,9,8,6,4,5,3805,M
494,1,3,0,1,4,3,1,3,6,3,5,982,N
495,3,5,2,1,7,6,5,5,4,4,6,731,N
496,5,6,10,10,10,4,8,7,4,8,2,4001,N
497,8,8,7,7,7,5,7,8,8,1,7,3757,N
498,6,8,1,3,3,4,5,7,5,2,8,3370,N
499,5,6,3,8,10,8,8,8,4,4,9,2708,M
500,3,5,3,7,2,1,5,0,3,3,8,1871,N
501,8,7,6,5,7,7,7,8,6,6,6,2296,M
502,7,7,4,6,8,6,3,2,10,4,10,3205,N
503,0,0,1,0,5,5,6,5,2,2,10,1030,N
504,7,6,5,8,9,7,8,8,8,7,8,3240,N
505,10,7,5,9,6,8,10,7,9,6,6,3024,M
506,10,10,1,8,10,6,9,7,6,5,10,2636,N
507,6,4,6,5,6,6,9,6,2,4,3,3938,M
508,2,1,3,4,4,4,4,4,7,0,5,2291,N
509,7,10,0,8,4,2,3,2,9,1,9,3612,M
510,5,3,5,9,2,2,5,5,8,1,8,2344,N
511,9,10,6,10,10,8,8,8,5,6,2,2770,N
512,7,4,5,3,7,7,7,9,0,8,3,3391,M
513,5,6,1,2,0,3,2,2,10,1,9,188,N
514,8,8,1,4,7,5,5,8,8,1,7,2119,M
515,6,2,7,8,5,6,9,8,2,3,1,4764,M
516,9,7,8,9,6,2,9,7,7,7,8,4302,M
517,9,7,5,10,9,7,10,8,5,7,5,3327,N
518,3,6,5,4,5,6,8,5,9,2,4,2165,N
519,4,6,7,9,2,5,4,5,6,2,4,3347,M
520,7,1,6,7,8,8,7,5,8,6,4,2634,M
521,3,2,8,7,5,4,4,4,2,1,6,2292,N
522,8,10,7,7,8,3,8,7,7,4,5,3976,N
523,6,2,8,7,7,7,10,10,3,7,2,2639,N
524,5,6,2,5,6,4,5,6,6,4,4,3317,M
525,10,8,7,10,6,8,6,4,6,5,3,4877,M
526,2,4,0,4,4,3,4,3,7,0,5,2116,N
527,5,7,3,4,1,1,2,2,6,0,7,812,N
528,1,2,5,4,8,6,5,5,5,1,3,2361,N
529,0,3,3,0,4,4,1,2,0,0,6,543,N
530,9,6,8,4,10,7,10,7,4,5,0,2732,M
531,2,4,2,3,5,5,7,4,7,5,10,2022,M
532,3,2,4,2,9,10,9,7,5,6,10,1704,N
533,3,7,2,7,7,5,3,5,8,4,3,1325,N
534,10,8,7,6,8,5,5,6,8,4,6,3970,M
535,3,4,4,4,0,5,4,1,2,0,6,2651,M
536,3,4,6,4,5,2,4,5,5,3,4,4275,M
537,5,6,6,7,4,3,4,4,4,2,6,3897,M
538,7,8,8,8,9,8,10,7,7,6,3,3974,M
539,10,6,6,5,10,9,9,8,2,4,4,3833,M
540,3,2,2,2,7,4,7,7,5,3,8,2083,N
541,5,7,5,5,3,3,5,2,6,2,5,3525,M
542,5,7,3,4,6,7,4,2,6,4,8,1591,N
543,6,4,5,2,9,4,6,5,6,5,6,3127,N
544,1,1,1,0,4,1,1,1,5,0,7,2282,N
545,3,2,3,4,5,4,4,4,7,1,5,2906,M
546,2,5,4,4,4,2,5,5,5,1,10,1193,N
547,4,2,7,5,10,6,8,6,3,6,4,1578,N
548,5,6,4,5,1,5,3,3,6,1,3,3760,N
549,4,4,4,8,9,7,7,7,4,6,6,1636,N
550,4,4,8,5,8,7,8,6,2,5,9,3270,N
551,6,7,3,8,9,5,10,6,6,7,5,2268,N
552,9,10,9,10,6,3,7,9,9,6,6,4368,M
553,4,4,4,6,4,5,4,6,4,1,6,3109,N
554,8,4,10,9,8,7,10,10,0,3,4,2889,M
555,5,4,3,0,5,2,1,1,7,0,7,1215,N
556,8,5,5,5,9,5,7,8,10,8,10,1988,N
557,7,6,10,9,9,6,8,8,8,5,3,3819,N
558,9,5,9,8,8,7,7,8,7,5,2,3525,M
559,7,6,5,1,2,2,5,2,9,2,9,3643,M
560,3,4,3,5,3,4,4,3,3,1,6,4723,M
561,7,8,1,3,1,3,2,5,10,0,6,2716,N
562,7,6,4,1,9,5,8,10,5,6,4,2987,M
563,5,5,2,4,3,3,3,4,9,3,8,1621,N
564,7,6,7,7,0,3,3,4,3,4,5,3699,M
565,4,1,3,4,7,7,9,6,2,5,8,1649,N
566,2,4,2,5,4,5,2,1,6,3,5,1396,M
567,8,6,8,9,9,10,10,9,6,7,2,4082,N
568,5,7,5,8,7,8,8,6,3,6,9,3718,N
569,3,4,3,4,6,4,4,4,9,4,10,845,N
570,2,5,0,0,1,3,5,1,2,0,8,2685,M
571,8,9,6,6,7,5,10,7,8,5,4,3661,N
572,5,7,4,5,6,4,7,6,7,3,9,3646,M
573,5,5,1,10,3,4,6,4,4,6,7,2029,M
574,9,7,10,10,9,6,10,7,9,6,3,2569,N
575,6,2,8,7,7,8,10,9,3,6,5,3702,M
576,1,4,1,6,5,3,3,1,6,2,10,1870,N
577,7,5,8,5,1,2,6,4,8,0,7,4743,N
578,4,8,4,7,6,2,2,4,4,1,2,2556,N
579,3,3,3,5,0,2,3,4,3,1,9,2751,N
580,8,10,2,5,3,3,3,5,6,1,10,2102,M
581,7,8,3,6,5,7,4,5,8,4,10,2424,M
582,4,6,3,6,5,3,4,3,7,0,7,2470,N
583,6,6,5,6,10,8,10,8,3,6,8,2787,N
584,3,3,5,3,6,5,3,4,3,5,10,2294,M
585,5,2,7,4,5,3,3,4,3,2,7,3395,N
586,4,5,5,4,6,2,5,6,4,2,4,5009,M
587,9,6,1,5,10,7,7,9,10,8,10,1344,N
588,5,7,2,1,5,4,3,4,7,1,9,2037,N
589,6,6,8,10,7,5,2,8,5,5,3,3266,N
590,7,4,5,4,6,5,3,4,3,5,6,3019,M
591,4,2,3,4,9,6,8,3,5,8,7,2555,N
592,4,0,6,2,6,4,8,10,2,3,6,3498,N
593,1,4,1,4,2,3,2,3,3,3,9,1244,N
594,10,8,8,9,10,9,10,8,9,5,6,2991,M
595,4,7,6,10,3,2,6,4,4,1,3,3943,N
596,8,8,9,10,5,4,5,4,7,4,5,2790,M
597,6,3,2,3,3,1,4,4,3,3,7,3104,M
598,3,5,8,7,9,8,9,8,5,8,5,2097,N
599,4,4,7,9,5,4,3,3,4,3,4,3511,N
600,9,8,4,6,9,7,7,7,5,8,7,3404,N
601,10,8,7,10,7,4,7,8,6,5,1,4389,N
602,6,2,8,5,8,6,7,8,2,4,6,4520,M
603,3,8,4,4,6,5,4,4,8,5,10,1982,N
604,7,7,4,6,6,7,6,8,9,6,8,1937,N
605,6,9,7,9,7,9,8,7,10,7,5,2479,N
606,1,1,3,4,5,6,6,6,3,4,10,1916,N
607,6,7,4,3,4,1,4,2,3,0,5,4016,M
608,8,6,3,9,7,7,9,7,8,4,8,2713,N
609,3,0,3,2,5,5,7,5,6,2,8,2399,N
610,6,7,4,7,2,1,4,4,6,1,3,3210,N
611,10,7,10,10,7,6,9,10,9,10,3,3588,N
612,10,6,5,5,9,8,7,9,6,7,6,2378,M
613,9,9,6,9,5,5,6,5,4,4,4,3650,M
614,6,7,1,6,2,6,4,7,8,4,7,1074,N
615,8,7,2,7,6,7,8,4,7,7,10,3607,M
616,5,7,6,5,7,4,4,4,6,1,2,2788,M
617,8,6,4,9,6,6,7,3,8,2,5,2512,N
618,7,10,4,6,4,3,4,6,9,2,6,4447,M
619,8,8,3,6,6,4,4,5,9,4,8,2176,M
620,7,6,3,4,9,3,5,1,8,5,4,2924,M
621,4,4,9,5,10,6,10,10,3,5,3,3361,N
622,6,5,5,4,6,6,6,6,1,7,10,2244,M
623,6,5,4,10,6,5,2,7,6,2,2,2583,N
624,3,5,0,6,4,3,3,2,4,1,7,1893,M
625,4,5,2,6,4,4,4,3,10,0,9,1338,N
626,3,5,1,3,1,6,1,4,3,3,9,1627,M
627,6,2,6,9,9,5,9,6,3,3,0,3522,N
628,5,7,1,2,5,4,5,4,3,3,9,2244,N
629,4,9,1,5,4,4,2,2,6,2,10,2426,N
630,0,2,2,2,3,3,2,3,3,3,10,2117,N
631,2,2,3,3,6,5,3,3,2,1,3,2332,N
632,5,5,7,6,6,7,7,5,7,1,1,4122,N
633,6,4,8,5,10,9,9,10,5,8,3,4513,N
634,0,3,0,5,6,7,2,2,3,1,9,1844,N
635,9,10,4,6,10,9,6,6,7,5,10,2840,M
636,2,6,3,1,5,3,3,2,5,2,9,3484,M
637,8,9,6,7,5,0,3,4,9,2,7,4125,M
638,9,9,4,8,8,3,3,6,6,2,4,2972,M
639,3,3,5,5,5,6,9,5,5,4,7,2786,N
640,8,6,8,6,8,8,9,7,3,6,5,3632,M
641,1,5,2,0,2,2,4,4,5,2,6,2691,N
642,2,4,5,4,4,3,6,5,6,1,6,3060,M
643,2,4,2,3,5,2,3,2,3,1,2,3363,M
644,5,8,4,8,9,4,5,6,9,4,10,1911,N
645,9,10,4,6,7,6,4,8,8,5,5,4196,M
646,9,7,7,8,10,9,9,7,4,5,2,3035,N
647,6,4,9,7,7,5,5,7,5,3,1,4150,N
648,10,10,9,10,10,8,6,9,8,6,7,4124,M
649,5,5,4,7,6,5,6,4,8,4,7,1722,M
650,10,8,9,8,10,6,10,10,10,6,4,3607,N
651,6,6,3,6,4,6,4,6,4,3,5,1032,N
652,3,3,1,3,5,2,4,2,6,3,3,2380,N
653,7,3,6,7,9,7,8,9,7,8,8,1436,N
654,7,10,5,10,3,3,4,4,7,2,3,4394,N
655,6,6,10,6,8,5,9,8,2,3,3,4848,M
656,8,10,5,10,4,4,4,4,5,0,5,4466,M
657,9,6,9,10,8,9,8,10,7,7,6,3994,N
658,8,9,0,7,3,4,4,3,9,1,9,2848,M
659,4,3,5,6,4,3,5,6,3,0,4,3943,M
660,5,4,3,4,5,6,5,5,0,3,10,3982,M
661,5,5,4,4,1,5,2,4,7,0,10,2542,N
662,8,9,7,8,7,6,6,5,10,6,2,4376,M
663,5,7,1,3,1,5,5,0,5,0,7,2091,M
664,1,2,2,5,3,7,4,4,2,0,4,2220,N
665,10,8,7,10,8,7,7,7,9,7,4,3307,M
666,10,8,8,10,10,5,10,10,9,6,3,3879,N
667,5,4,7,7,6,6,7,7,8,7,5,1369,N
668,3,5,8,7,2,4,3,6,6,1,0,3674,N
669,8,6,7,9,5,3,7,8,7,4,7,3305,N
670,4,4,4,4,8,3,5,5,6,1,9,932,N
671,4,10,2,5,5,2,2,3,10,3,10,2338,N
672,9,8,6,8,10,7,9,6,6,6,8,3387,N
673,9,7,6,9,10,6,7,7,5,5,5,4017,M
674,7,7,1,4,6,7,5,3,9,2,10,1783,M
675,8,9,4,8,3,4,5,1,9,2,4,5085,M
676,5,6,3,8,6,5,4,4,8,4,10,1079,N
677,7,9,6,8,5,4,3,5,6,4,8,3486,M
678,3,7,4,3,6,2,3,4,5,2,7,3889,N
679,10,10,6,7,8,5,9,8,6,6,7,3493,M
680,9,9,5,6,3,2,5,6,5,2,1,3695,M
681,6,9,5,7,4,6,4,8,2,5,5,2867,M
682,7,8,3,8,4,4,2,2,9,0,8,2933,N
683,8,10,5,10,8,5,5,8,6,5,7,4216,M
684,10,9,9,10,5,3,8,8,10,3,4,5197,M
685,7,5,7,8,9,6,9,10,5,5,1,3407,N
686,5,5,4,3,0,4,3,2,6,2,4,2845,M
687,3,3,1,4,6,4,4,5,5,6,6,1143,N
688,8,8,1,5,2,4,3,3,8,1,6,3138,M
689,6,3,7,4,7,6,6,9,2,3,3,3703,M
690,6,6,2,3,5,3,6,6,4,4,6,4290,M
691,10,10,5,6,6,5,7,5,10,5,6,3407,M
692,10,7,9,7,10,5,9,10,7,7,5,5538,M
693,6,4,7,5,6,6,6,5,10,2,5,2785,N
694,3,5,4,6,6,4,3,2,7,0,5,3095,N
695,8,7,6,8,9,8,9,6,8,6,10,2059,M
696,5,1,6,7,9,7,9,8,1,8,9,2908,N
697,5,4,1,2,9,5,5,5,5,3,6,2219,N
698,6,7,4,6,3,3,3,5,9,2,5,2149,N
699,6,5,4,2,7,5,4,4,2,5,8,4132,M
700,6,2,6,7,6,3,9,6,4,6,3,2434,N
701,5,6,4,6,5,5,2,5,7,3,7,2423,N
702,8,6,7,10,3,4,8,9,10,5,2,3104,N
703,5,6,3,6,4,4,5,3,10,0,6,1346,N
704,6,7,6,7,3,2,6,4,8,1,7,3526,N
705,3,0,3,4,9,7,9,7,6,5,7,2349,N
706,9,10,8,10,8,9,10,10,7,6,7,1797,N
707,4,4,4,5,8,6,6,1,5,3,9,2665,M
708,5,6,6,4,6,6,7,9,4,6,8,4695,M
709,5,5,6,4,7,4,6,7,4,2,9,3228,M
710,3,4,1,1,9,6,3,4,3,4,10,2694,N
711,9,10,7,6,7,8,9,8,8,7,9,1906,M
712,7,9,3,7,9,7,8,7,9,6,10,1385,N
713,8,8,0,4,4,4,8,4,5,5,6,2204,M
714,10,10,7,10,5,6,7,9,8,4,3,3864,M
715,6,5,8,9,5,4,9,7,4,1,5,3461,M
716,6,8,2,8,6,1,2,5,6,1,6,1364,N
717,10,10,2,7,6,8,6,10,8,8,6,3583,M
718,8,9,6,7,6,7,9,5,8,7,7,3045,M
719,8,5,10,7,8,7,10,7,6,7,3,3711,N
720,7,4,5,4,8,5,9,5,3,7,5,2968,M
721,7,8,3,4,4,5,6,4,7,2,10,1695,M
722,3,1,5,4,7,6,8,7,2,4,4,3817,N
723,5,5,3,4,8,9,8,7,2,8,8,413,N
724,9,4,9,10,6,8,9,9,7,5,7,2103,N
725,7,6,4,6,3,2,5,5,9,1,6,3066,M
726,6,10,3,6,3,4,4,2,7,0,6,2828,M
727,5,5,4,10,6,3,5,5,5,4,8,2385,N
728,6,4,8,6,5,5,8,5,2,6,4,4347,M
729,10,8,7,7,8,9,9,9,10,5,7,3146,M
730,3,5,0,2,3,4,4,1,8,1,10,1021,N
731,8,7,8,10,7,5,6,8,10,8,5,1924,N
732,7,9,1,10,2,3,3,2,9,2,3,3310,M
733,7,4,7,7,6,5,7,6,5,4,4,3084,N
734,6,5,4,6,9,7,7,7,6,6,6,1932,M
735,10,10,7,7,4,3,7,8,8,6,3,4519,M
736,6,3,7,7,6,4,7,6,1,5,4,2808,N
737,8,7,5,7,7,8,7,9,5,7,5,2821,N
738,8,5,7,7,0,3,3,4,10,3,1,3535,M
739,5,5,4,5,4,0,5,5,5,3,5,2225,N
740,4,3,8,10,8,7,10,8,2,8,8,3476,N
741,6,7,8,10,3,3,8,8,7,4,3,4017,M
742,3,5,2,5,3,4,5,3,10,3,5,2817,N
743,8,4,9,9,10,8,9,8,9,7,7,3912,N
744,4,5,6,4,5,3,5,4,1,0,6,4459,M
745,3,5,4,3,4,3,2,2,3,1,4,2952,M
746,5,4,1,8,3,3,2,2,3,2,7,3472,N
747,4,5,6,4,3,2,6,6,1,2,3,4275,M
748,8,8,5,5,4,2,7,6,8,2,4,4754,M
749,8,10,5,5,6,6,7,7,10,5,7,4045,M
750,4,3,7,2,3,5,5,5,0,0,3,4646,M
751,6,7,4,5,3,1,2,7,6,2,7,3248,M
752,6,6,6,8,4,3,5,8,6,1,0,4332,M
753,6,10,4,9,6,4,5,3,7,1,7,3214,N
754,6,4,4,8,8,4,6,3,10,4,5,2234,N
755,7,2,7,7,8,9,10,10,3,4,4,3687,M
756,10,9,9,10,9,5,8,9,7,4,4,4277,M
757,8,8,4,8,5,3,3,3,8,1,9,2271,M
758,2,7,0,3,1,2,1,1,1,3,5,1127,M
759,8,8,4,6,9,4,7,4,6,4,8,2911,M
760,5,4,6,7,4,4,4,5,2,2,4,4818,M
761,3,5,1,5,4,7,5,2,0,2,9,1919,M
762,7,5,9,10,8,6,8,8,5,6,3,3837,M
763,8,10,3,6,6,5,6,3,6,3,9,2297,M
764,5,6,6,3,0,4,4,5,7,1,9,3565,N
765,10,7,8,10,9,6,6,8,7,7,8,2993,N
766,5,2,3,9,9,6,5,10,6,4,8,2863,M
767,6,4,9,10,9,7,10,9,8,6,5,2059,N
768,10,10,9,7,8,9,10,8,7,8,5,3920,M
769,1,6,3,4,5,1,3,1,2,1,10,160,N
770,1,5,0,2,5,4,4,1,1,1,7,1811,N
771,10,7,9,10,6,8,9,8,10,7,5,3817,M
772,3,7,4,2,4,4,3,6,2,2,5,3661,M
773,3,6,4,3,5,4,4,5,5,1,3,2017,N
774,9,10,7,9,4,5,7,8,9,4,4,4686,M
775,5,3,1,3,8,4,6,3,5,2,5,4810,M
776,4,6,4,6,9,2,7,3,7,4,2,3382,N
777,8,9,5,5,8,7,8,7,10,6,8,1586,N
778,2,2,3,6,3,5,2,5,5,0,6,2922,N
779,10,10,6,8,6,7,5,6,10,4,4,4377,M
780,4,6,9,5,3,6,6,7,2,5,6,3379,N
781,6,3,6,4,8,5,7,9,5,7,7,2127,N
782,6,6,2,2,1,2,3,6,6,2,5,3075,M
783,4,5,3,5,2,3,3,5,8,2,10,2771,M
784,1,3,2,1,7,3,4,3,5,1,5,2812,M
785,8,5,6,8,6,6,6,8,10,5,8,4105,M
786,6,4,9,6,9,7,7,8,2,6,5,3747,M
787,8,9,5,8,9,9,10,9,8,6,6,2686,N
788,4,5,2,5,7,5,4,6,5,5,8,2260,N
789,6,7,5,6,4,2,7,5,10,2,2,3343,N
790,6,7,5,10,5,4,5,4,4,2,8,2011,N
791,10,9,6,9,10,8,10,9,6,7,3,3467,N
792,4,2,2,5,10,7,9,7,4,9,10,2548,N
793,10,9,9,10,6,3,9,10,10,3,6,5261,M
794,3,4,3,2,0,3,3,5,5,1,5,3674,N
795,4,4,0,5,4,4,4,0,7,1,7,1317,N
796,3,8,0,6,0,4,4,3,6,1,6,3263,M
797,4,5,4,1,3,2,5,5,3,1,5,5001,M
798,5,6,2,4,5,5,3,3,5,0,6,3643,M
799,10,10,5,6,6,5,6,6,9,5,4,3467,M
800,3,5,8,8,4,2,4,5,7,2,8,2608,M
801,6,8,4,4,0,4,5,3,6,0,6,3423,M
802,7,6,6,8,9,10,9,10,6,5,2,2742,N
803,8,9,1,2,9,6,6,5,10,4,9,2191,M
804,2,5,1,6,2,6,3,4,5,2,3,994,N
805,10,9,2,8,10,7,4,7,6,5,6,3458,M
806,7,4,6,9,7,9,10,9,3,6,7,3056,N
807,7,4,4,8,8,7,7,8,8,8,6,3424,M
808,9,5,9,5,6,5,7,7,6,4,5,4756,M
809,8,10,5,10,4,6,7,7,10,5,3,3089,N
810,8,10,4,2,6,9,10,5,7,6,4,2095,M
811,9,8,8,9,5,4,8,7,10,7,4,4774,M
812,6,8,8,10,7,5,5,10,6,3,4,3083,N
813,2,4,2,1,2,0,2,0,7,2,10,1307,M
814,5,4,8,6,10,7,9,10,6,5,2,1350,N
815,7,7,9,9,7,6,9,10,3,9,4,5266,M
816,4,5,3,7,8,3,5,10,3,5,6,2512,N
817,8,10,5,9,3,4,4,2,10,3,4,3416,M
818,4,3,6,5,7,3,5,8,4,1,6,4297,M
819,6,4,6,7,8,8,8,10,5,7,5,2924,N
820,9,7,10,10,8,8,10,9,8,7,4,2097,N
821,7,8,5,2,8,6,4,7,6,6,6,4459,M
822,5,2,7,6,8,4,6,9,7,4,5,3127,N
823,9,9,8,7,6,5,7,8,7,2,5,2505,M
824,10,10,5,10,8,7,10,10,8,9,2,5079,M
825,6,10,0,4,0,4,1,4,7,0,10,2618,M
826,8,5,9,8,5,5,8,6,8,5,1,4778,M
827,5,1,5,2,10,10,7,8,3,7,10,2719,M
828,3,4,3,5,2,2,1,2,5,2,9,2671,N
829,6,7,5,3,7,5,6,6,8,2,7,2589,M
830,5,5,10,6,4,7,8,7,7,5,5,3766,M
831,4,5,3,7,5,2,6,5,8,3,6,1167,N
832,5,4,6,5,5,7,6,6,5,4,4,2357,N
833,2,6,4,7,5,4,3,5,6,1,8,3025,N
834,8,6,8,6,10,9,9,10,7,5,10,2445,N
835,4,8,1,4,5,5,4,2,5,1,10,2154,M
836,4,4,6,4,3,1,3,5,5,1,7,3582,N
837,5,9,5,8,9,4,5,5,4,3,2,2871,N
838,8,9,1,4,9,3,4,6,10,6,10,1950,M
839,0,6,0,2,6,4,1,0,3,2,10,610,N
840,6,3,3,5,4,6,4,5,4,5,8,2278,M
841,8,8,2,6,1,2,3,2,9,0,7,3968,M
842,3,2,3,6,8,7,9,9,3,9,10,2037,N
843,6,4,7,6,7,4,7,6,0,2,5,3240,M
844,6,6,5,4,9,7,8,6,4,7,8,2269,M
845,1,3,1,5,1,2,2,2,3,1,10,3009,N
846,7,7,7,6,9,6,9,8,1,5,0,3969,M
847,6,2,7,9,8,9,9,9,2,7,5,3228,N
848,4,7,2,6,4,5,6,2,7,4,7,2010,N
849,4,5,3,3,6,7,4,3,5,5,10,818,N
850,6,5,6,9,6,4,5,6,4,0,6,4050,N
851,9,6,6,4,7,1,7,9,8,2,4,4065,M
852,6,9,2,3,2,1,2,4,5,2,9,3720,M
853,4,1,8,3,10,7,10,10,4,5,3,3907,N
854,7,9,7,6,5,5,5,6,5,2,5,3725,M
855,5,3,6,10,7,3,7,10,4,3,3,2872,N
856,7,9,4,6,5,3,5,8,9,4,1,2601,M
857,10,4,9,10,5,9,9,10,7,7,2,2665,M
858,6,3,5,6,9,8,8,6,7,7,10,2677,N
859,5,5,8,7,8,5,7,7,2,4,4,4479,N
860,2,3,5,6,4,1,5,4,6,3,2,3743,M
861,10,10,9,7,9,8,10,9,10,7,2,2844,N
862,5,5,3,8,8,7,8,5,5,4,7,2133,M
863,6,9,6,6,7,9,8,10,0,8,7,3663,M
864,4,3,4,4,4,3,5,4,5,0,3,1906,N
865,5,7,3,5,5,5,3,3,6,1,7,1921,N
866,7,5,6,8,3,6,4,4,7,2,4,3598,M
867,5,4,3,7,9,9,10,7,3,8,6,2008,N
868,2,6,0,3,5,2,3,5,4,1,8,2301,M
869,4,4,5,4,7,6,10,8,5,7,7,2187,N
870,4,9,1,3,6,4,1,4,6,0,7,3672,M
871,4,6,2,7,2,3,4,3,10,1,7,2632,N
872,7,5,8,9,8,7,10,9,2,6,6,5081,M
873,7,3,6,6,7,8,7,10,5,4,7,1313,N
874,3,2,5,4,5,2,6,8,5,5,10,2668,N
875,6,5,10,9,10,10,10,10,0,6,3,3847,N
876,6,2,9,8,9,7,10,10,4,7,5,3891,M
877,9,5,5,8,6,6,5,5,6,2,8,3437,M
878,2,4,0,4,2,4,3,2,8,3,6,1418,N
879,6,4,9,7,5,5,7,5,6,4,1,3694,N
880,7,3,5,9,7,5,8,10,8,5,0,3158,N
881,5,5,5,8,10,5,7,7,3,7,5,2140,N
882,2,2,5,3,9,7,5,9,6,6,9,2249,N
883,8,10,6,8,8,5,8,4,6,5,3,4079,M
884,9,9,4,6,3,8,7,7,9,4,5,2719,N
885,2,0,4,6,10,8,8,8,7,7,10,1942,N
886,9,10,6,10,7,6,4,6,10,3,6,3816,M
887,5,6,5,4,8,5,7,8,6,7,9,1483,N
888,9,8,6,8,6,8,9,9,10,7,8,1696,N
889,4,6,4,4,9,7,9,4,4,8,10,1756,M
890,4,7,1,5,3,3,2,3,10,2,9,857,N
891,6,5,5,10,10,7,8,8,6,8,7,3396,M
892,8,9,5,8,9,7,9,9,6,6,3,3480,N
893,8,6,10,8,10,7,7,7,10,6,6,2999,N
894,5,4,5,1,4,3,5,6,1,6,8,2184,N
895,5,4,6,6,7,7,10,9,2,8,9,2872,M
896,7,4,10,8,10,6,10,10,5,9,3,3752,M
897,1,5,2,3,4,3,3,5,5,1,5,1552,N
898,3,3,7,7,8,5,8,8,5,3,6,3103,N
899,4,4,5,6,4,3,5,5,6,4,8,2094,N
900,8,5,6,10,4,5,7,8,10,3,4,2551,N
901,3,4,3,8,9,10,7,6,5,6,9,2564,N
902,10,10,7,10,8,7,8,7,10,6,7,2601,M
903,4,5,1,3,5,5,1,2,8,0,8,1034,N
904,9,10,5,9,10,8,9,5,8,7,6,2629,N
905,6,4,5,6,10,7,8,9,4,7,3,2750,N
906,8,6,5,9,6,5,5,8,7,5,5,4169,N
907,7,7,1,7,9,9,6,6,9,5,10,2427,M
908,10,8,4,6,9,8,7,9,8,7,3,4110,M
909,5,4,4,2,6,3,6,6,3,5,7,3163,M
910,8,8,8,10,2,6,8,6,10,5,3,4426,M
911,9,7,2,6,6,4,5,4,10,7,9,2156,M
912,8,8,7,8,7,7,10,8,4,5,8,2820,M
913,8,8,5,7,7,7,6,5,10,4,4,4012,M
914,10,6,9,8,10,6,10,10,10,6,3,3684,N
915,5,9,0,5,4,6,6,5,10,4,4,10,N
916,9,9,3,7,6,5,6,8,4,3,6,3519,M
917,5,4,5,5,7,5,10,9,5,8,7,3501,N
918,7,8,8,9,8,6,8,7,7,6,0,3705,M
919,5,6,4,5,7,7,5,5,3,5,6,2649,M
920,8,8,6,5,1,1,8,9,8,0,5,3910,M
921,6,6,7,6,4,7,7,5,4,6,5,2278,N
922,5,4,2,1,7,6,6,6,1,5,9,2301,M
923,6,7,6,9,4,1,3,3,4,2,4,5735,M
924,6,7,8,10,4,2,3,6,5,2,5,4292,N
925,7,6,6,6,4,2,5,5,5,0,5,4503,M
926,6,7,5,6,0,5,2,3,9,3,7,2823,N
927,8,4,5,2,9,10,8,8,4,6,10,918,M
928,9,6,8,7,1,2,6,7,3,1,8,4646,M
929,5,8,0,7,4,2,2,3,7,3,8,2578,M
930,5,8,0,6,4,4,3,3,10,1,10,1458,N
931,4,5,4,5,1,3,5,8,7,2,7,3464,N
932,7,6,5,4,3,2,2,7,10,1,3,3204,N
933,7,7,3,7,6,5,2,5,7,5,8,1686,M
934,8,8,9,10,5,3,6,8,4,2,2,2591,N
935,7,10,0,9,5,4,0,3,10,0,8,3313,M
936,5,3,6,5,3,8,6,7,5,6,5,3150,N
937,5,8,0,3,2,5,2,1,8,0,6,2686,M
938,5,5,7,10,7,7,8,7,5,7,4,3223,N
939,7,8,9,7,8,7,9,10,7,8,4,2363,N
940,6,7,3,4,3,1,3,4,9,2,7,3091,N
941,4,2,2,8,10,8,8,5,1,7,8,1504,N
942,6,5,3,1,6,4,6,6,4,2,9,2923,N
943,7,4,7,8,5,5,7,9,7,6,5,3082,N
944,5,3,8,6,6,2,10,8,2,5,2,4638,M
945,4,2,4,5,4,3,4,4,8,0,9,3618,M
946,4,3,6,9,7,7,8,10,1,8,1,4195,N
947,7,6,6,7,4,3,5,7,3,2,5,5050,M
948,2,5,0,4,2,5,4,3,4,0,9,1233,N
949,9,10,1,3,7,10,8,7,9,6,8,2929,M
950,3,6,1,5,3,3,4,2,4,4,9,1516,M
951,7,8,6,4,2,3,3,3,8,1,8,3337,N
952,4,4,3,1,5,3,4,3,5,0,10,2744,N
953,6,5,6,7,3,6,7,5,2,4,6,4805,M
954,0,4,1,5,1,3,5,1,5,1,10,1594,N
955,4,5,5,1,5,5,5,3,6,1,4,4094,M
956,8,9,5,8,6,4,7,7,10,2,3,3179,N
957,6,5,6,7,1,4,4,6,6,1,6,4482,M
958,3,3,2,8,4,5,8,7,5,5,4,1648,N
959,8,4,6,10,9,6,9,10,3,7,6,3498,N
960,7,4,5,4,6,7,8,10,3,6,9,3934,M
961,5,8,1,3,2,2,3,5,4,2,5,1450,M
962,5,3,4,5,5,8,5,9,4,7,10,2534,N
963,4,1,2,6,3,7,5,5,5,3,8,1405,N
964,7,6,8,10,8,4,8,6,6,4,1,2995,N
965,7,9,2,5,4,1,4,2,3,0,7,2843,M
966,4,4,1,3,1,4,3,2,6,2,6,1517,N
967,3,8,1,1,2,4,3,2,10,4,8,1616,N
968,5,8,2,4,5,5,3,2,6,3,10,2029,M
969,6,7,3,7,5,5,6,3,10,3,7,2051,N
970,6,6,3,8,4,3,3,4,9,3,1,2535,M
971,2,4,6,1,8,3,7,5,2,7,5,1417,N
972,9,9,6,8,6,3,8,5,5,4,4,5035,M
973,5,7,4,6,5,4,3,3,7,1,4,3331,M
974,8,10,5,6,0,2,2,3,8,2,8,3654,M
975,3,3,4,6,9,6,5,4,5,6,5,1330,N
976,9,10,5,5,5,4,6,6,8,4,6,4757,M
977,5,4,5,7,6,5,7,5,5,6,4,3108,M
978,8,10,2,5,10,8,8,6,6,7,9,2761,M
979,8,5,4,6,8,7,7,9,9,8,9,3014,N
980,8,6,5,9,10,6,9,9,6,7,7,2645,M
981,3,4,3,4,10,8,9,5,4,5,5,10,N
982,3,7,3,5,1,3,3,3,7,3,6,3191,N
983,9,5,6,5,7,7,9,7,6,7,7,2027,N
984,8,6,8,8,9,6,6,6,4,3,7,4359,N
985,5,1,9,10,7,6,10,9,2,6,7,4285,N
986,8,9,5,10,6,3,6,7,10,4,4,2877,N
987,1,5,4,5,3,2,3,3,3,1,8,2534,N
988,4,5,0,5,4,3,6,3,5,1,6,1713,N
989,9,9,1,5,5,8,5,8,9,8,7,1970,M
990,6,5,4,7,2,1,3,4,0,3,6,4474,M
991,3,2,4,5,10,6,5,7,1,2,6,380,N
992,4,6,3,5,5,6,6,3,6,3,5,2498,M
993,5,6,6,4,7,6,8,8,5,8,10,3511,N
994,10,9,8,10,6,6,5,6,10,5,8,3128,N
995,1,1,3,1,8,7,5,7,3,5,6,1919,N
996,6,5,6,9,5,6,5,7,7,2,2,3862,N
997,7,8,4,8,6,7,6,9,3,7,10,2638,M
998,10,7,7,10,8,7,10,10,9,9,4,3255,N
999,1,3,1,6,3,5,2,3,3,0,10,2763,N
1000,3,7,2,4,4,4,3,4,5,2,5,3510,M
